file,class,type,cbo,cboModified,fanin,fanout,wmc,dit,noc,rfc,lcom,lcom*,tcc,lcc,totalMethodsQty,staticMethodsQty,publicMethodsQty,privateMethodsQty,protectedMethodsQty,defaultMethodsQty,visibleMethodsQty,abstractMethodsQty,finalMethodsQty,synchronizedMethodsQty,totalFieldsQty,staticFieldsQty,publicFieldsQty,privateFieldsQty,protectedFieldsQty,defaultFieldsQty,finalFieldsQty,synchronizedFieldsQty,nosi,loc,returnQty,loopQty,comparisonsQty,tryCatchQty,parenthesizedExpsQty,stringLiteralsQty,numbersQty,assignmentsQty,mathOperationsQty,variablesQty,maxNestedBlocksQty,anonymousClassesQty,innerClassesQty,lambdasQty,uniqueWordsQty,modifiers,logStatementsQty
/home/martin/Documents/uni/Y2Q2/SEM/aaa/sem-repo-13b/./ta-microservice/src/test/java/nl/tudelft/sem/tams/ta/profiles/MockTokenVerifierProfile.java,nl.tudelft.sem.tams.ta.profiles.MockTokenVerifierProfile,class,5,5,0,5,1,1,0,1,0,0.0,NaN,NaN,1,0,1,0,0,0,1,0,0,0,0,0,0,0,0,0,0,0,0,5,1,0,0,0,0,1,0,0,0,0,0,0,0,0,18,1,0
/home/martin/Documents/uni/Y2Q2/SEM/aaa/sem-repo-13b/./hiring-microservice/src/main/java/nl/tudelft/sem/tams/hiring/interfaces/ContractInformation.java,nl.tudelft.sem.tams.hiring.interfaces.ContractInformation,interface,1,6,5,1,2,1,0,0,1,0.0,0.0,0.0,2,0,0,0,0,2,2,0,0,0,0,0,0,0,0,0,0,0,0,4,0,0,0,0,0,0,0,0,0,0,0,0,0,0,12,1,0
/home/martin/Documents/uni/Y2Q2/SEM/aaa/sem-repo-13b/./hiring-microservice/src/test/java/nl/tudelft/sem/tams/hiring/services/HiringServiceTest.java,nl.tudelft.sem.tams.hiring.services.HiringServiceTest$Anonymous1,anonymous,0,0,0,0,1,1,0,1,0,0.0,NaN,NaN,0,0,0,0,0,0,1,0,0,0,0,0,0,0,0,0,0,0,0,6,0,0,0,0,0,2,2,0,0,0,0,0,0,0,1,-1,0
/home/martin/Documents/uni/Y2Q2/SEM/aaa/sem-repo-13b/./authentication-microservice/src/test/java/nl/tudelft/sem/tams/authentication/integration/UsersTests.java,nl.tudelft.sem.tams.authentication.integration.UsersTests,class,22,22,0,22,5,1,0,40,0,0.28,0.0,0.0,5,0,5,0,0,0,5,0,0,0,5,0,0,5,0,0,0,0,6,90,0,0,0,0,0,28,2,33,0,45,0,0,0,7,67,1,0
/home/martin/Documents/uni/Y2Q2/SEM/aaa/sem-repo-13b/./hiring-microservice/src/main/java/nl/tudelft/sem/tams/hiring/models/TeachingAssistantApplicationAcceptRequestModel.java,nl.tudelft.sem.tams.hiring.models.TeachingAssistantApplicationAcceptRequestModel,class,4,8,4,4,1,1,0,0,0,1.0,NaN,NaN,1,1,1,0,0,0,1,0,0,0,4,0,0,4,0,0,0,0,0,36,1,0,0,0,0,0,0,0,0,4,0,0,1,0,14,1,0
/home/martin/Documents/uni/Y2Q2/SEM/aaa/sem-repo-13b/./hiring-microservice/src/main/java/nl/tudelft/sem/tams/hiring/models/CourseRequestModel.java,nl.tudelft.sem.tams.hiring.models.CourseRequestModel,class,4,4,0,4,0,1,0,0,0,NaN,-1.0,-1.0,0,0,0,0,0,0,0,0,0,0,1,0,0,1,0,0,0,0,0,3,0,0,0,0,0,0,0,0,0,1,0,0,0,0,5,1,0
/home/martin/Documents/uni/Y2Q2/SEM/aaa/sem-repo-13b/./ta-microservice/src/main/java/nl/tudelft/sem/tams/ta/security/AuthFilter.java,nl.tudelft.sem.tams.ta.security.AuthFilter,class,8,10,2,8,7,2,0,13,0,0.25,0.0,0.0,2,0,1,0,1,0,2,0,0,0,2,1,0,2,0,0,2,0,1,28,0,0,1,1,0,4,0,6,0,6,3,0,0,0,49,1,0
/home/martin/Documents/uni/Y2Q2/SEM/aaa/sem-repo-13b/./authentication-microservice/src/main/java/nl/tudelft/sem/tams/authentication/config/WebSecurityConfig.java,nl.tudelft.sem.tams.authentication.config.WebSecurityConfig,class,14,15,1,14,4,2,0,12,6,0.75,0.0,0.0,4,0,2,0,2,0,4,0,0,0,1,0,0,1,0,0,0,0,0,15,2,0,0,0,0,0,0,0,0,1,0,0,0,0,31,1,0
/home/martin/Documents/uni/Y2Q2/SEM/aaa/sem-repo-13b/./hiring-microservice/src/main/java/nl/tudelft/sem/tams/hiring/services/communication/models/CreateContractRequestModel.java,nl.tudelft.sem.tams.hiring.services.communication.models.CreateContractRequestModel,class,4,9,5,4,1,1,0,0,0,1.0,NaN,NaN,1,1,1,0,0,0,1,0,0,0,5,0,0,5,0,0,0,0,0,42,1,0,0,0,0,0,0,0,0,5,0,0,1,0,16,1,0
/home/martin/Documents/uni/Y2Q2/SEM/aaa/sem-repo-13b/./ta-microservice/src/main/java/nl/tudelft/sem/tams/ta/entities/builders/ConcreteHourDeclarationBuilder.java,nl.tudelft.sem.tams.ta.entities.builders.ConcreteHourDeclarationBuilder,class,4,12,8,4,8,1,0,0,14,0.75,0.0,0.0,8,0,8,0,0,0,8,0,0,0,7,0,0,7,0,0,0,0,0,40,8,0,0,0,0,0,0,7,0,7,0,0,0,0,27,1,0
/home/martin/Documents/uni/Y2Q2/SEM/aaa/sem-repo-13b/./course-microservice/src/test/java/nl/tudelft/sem/tams/course/utils/DateUtil.java,nl.tudelft.sem.tams.course.utils.DateUtil,class,0,0,0,0,2,1,0,2,0,0.0,NaN,NaN,1,1,1,0,0,0,1,0,0,0,0,0,0,0,0,0,0,0,0,13,1,0,0,1,0,1,0,3,0,2,1,0,0,0,25,1,0
/home/martin/Documents/uni/Y2Q2/SEM/aaa/sem-repo-13b/./ta-microservice/src/test/java/nl/tudelft/sem/tams/ta/profiles/MockAuthenticationManagerProfile.java,nl.tudelft.sem.tams.ta.profiles.MockAuthenticationManagerProfile,class,5,5,0,5,1,1,0,1,0,0.0,NaN,NaN,1,0,1,0,0,0,1,0,0,0,0,0,0,0,0,0,0,0,0,5,1,0,0,0,0,1,0,0,0,0,0,0,0,0,18,1,0
/home/martin/Documents/uni/Y2Q2/SEM/aaa/sem-repo-13b/./ta-microservice/src/main/java/nl/tudelft/sem/tams/ta/security/AuthManager.java,nl.tudelft.sem.tams.ta.security.AuthManager,class,1,7,6,1,1,1,0,3,0,0.0,NaN,NaN,1,0,1,0,0,0,1,0,0,0,0,0,0,0,0,0,0,0,0,5,1,0,0,0,0,0,0,0,0,0,0,0,0,0,4,1,0
/home/martin/Documents/uni/Y2Q2/SEM/aaa/sem-repo-13b/./ta-microservice/src/main/java/nl/tudelft/sem/tams/ta/interfaces/EmailSender.java,nl.tudelft.sem.tams.ta.interfaces.EmailSender,interface,0,5,5,0,1,1,0,0,0,0.0,NaN,NaN,1,0,0,0,0,1,1,0,0,0,0,0,0,0,0,0,0,0,0,3,0,0,0,0,0,0,0,0,0,0,0,0,0,0,19,1,0
/home/martin/Documents/uni/Y2Q2/SEM/aaa/sem-repo-13b/./course-microservice/src/main/java/nl/tudelft/sem/tams/course/services/CourseService.java,nl.tudelft.sem.tams.course.services.CourseService,class,6,9,3,6,11,1,0,13,8,0.375,0.0,0.0,8,0,8,0,0,0,8,0,0,0,1,0,0,1,0,0,1,0,2,51,2,0,2,0,0,3,0,10,0,10,1,0,0,0,78,1,0
/home/martin/Documents/uni/Y2Q2/SEM/aaa/sem-repo-13b/./hiring-microservice/src/test/java/nl/tudelft/sem/tams/hiring/profiles/MockTokenVerifierProfile.java,nl.tudelft.sem.tams.hiring.profiles.MockTokenVerifierProfile,class,5,5,0,5,1,1,0,1,0,0.0,NaN,NaN,1,0,1,0,0,0,1,0,0,0,0,0,0,0,0,0,0,0,0,5,1,0,0,0,0,1,0,0,0,0,0,0,0,0,18,1,0
/home/martin/Documents/uni/Y2Q2/SEM/aaa/sem-repo-13b/./course-microservice/src/test/java/nl/tudelft/sem/tams/course/profiles/MockTokenVerifierProfile.java,nl.tudelft.sem.tams.course.profiles.MockTokenVerifierProfile,class,5,5,0,5,1,1,0,1,0,0.0,NaN,NaN,1,0,1,0,0,0,1,0,0,0,0,0,0,0,0,0,0,0,0,5,1,0,0,0,0,1,0,0,0,0,0,0,0,0,17,1,0
/home/martin/Documents/uni/Y2Q2/SEM/aaa/sem-repo-13b/./hiring-microservice/src/main/java/nl/tudelft/sem/tams/hiring/Application.java,nl.tudelft.sem.tams.hiring.Application,class,2,3,1,2,1,1,0,1,0,0.0,NaN,NaN,1,1,1,0,0,0,1,0,0,0,0,0,0,0,0,0,0,0,0,5,0,0,0,0,0,0,0,0,0,0,0,0,0,0,3,1,0
/home/martin/Documents/uni/Y2Q2/SEM/aaa/sem-repo-13b/./authentication-microservice/src/main/java/nl/tudelft/sem/tams/authentication/providers/implementations/CurrentTimeProvider.java,nl.tudelft.sem.tams.authentication.providers.implementations.CurrentTimeProvider,class,2,2,0,2,1,1,0,1,0,0.0,NaN,NaN,1,0,1,0,0,0,1,0,0,0,0,0,0,0,0,0,0,0,1,5,1,0,0,0,0,0,0,0,0,0,0,0,0,0,28,1,0
/home/martin/Documents/uni/Y2Q2/SEM/aaa/sem-repo-13b/./hiring-microservice/src/main/java/nl/tudelft/sem/tams/hiring/config/H2Config.java,nl.tudelft.sem.tams.hiring.config.H2Config,class,8,8,0,8,2,1,0,5,0,0.0,0.0,0.0,2,0,2,0,0,0,2,0,0,0,1,0,0,1,0,0,1,0,0,14,1,0,0,0,0,6,0,2,0,2,0,0,0,0,15,1,0
/home/martin/Documents/uni/Y2Q2/SEM/aaa/sem-repo-13b/./ta-microservice/src/test/java/nl/tudelft/sem/tams/ta/entities/builders/ContractBuilderTest.java,nl.tudelft.sem.tams.ta.entities.builders.ContractBuilderTest,class,3,3,0,3,8,1,0,19,0,0.0,0.0,0.0,8,0,8,0,0,0,8,0,0,0,1,0,0,1,0,0,0,0,0,91,0,0,0,0,0,6,6,22,0,15,0,0,0,0,26,1,0
/home/martin/Documents/uni/Y2Q2/SEM/aaa/sem-repo-13b/./hiring-microservice/src/main/java/nl/tudelft/sem/tams/hiring/models/PendingTeachingAssistantApplicationResponseModel.java,nl.tudelft.sem.tams.hiring.models.PendingTeachingAssistantApplicationResponseModel,class,5,11,6,5,5,1,0,7,3,0.6666667,0.0,0.0,3,0,2,1,0,0,2,0,0,0,6,1,0,6,0,0,1,0,1,32,4,0,1,0,1,0,3,9,2,9,1,0,0,0,43,1,0
/home/martin/Documents/uni/Y2Q2/SEM/aaa/sem-repo-13b/./course-microservice/src/main/java/nl/tudelft/sem/tams/course/config/H2Config.java,nl.tudelft.sem.tams.course.config.H2Config,class,8,8,0,8,2,1,0,5,0,0.0,0.0,0.0,2,0,2,0,0,0,2,0,0,0,1,0,0,1,0,0,1,0,0,14,1,0,0,0,0,6,0,2,0,2,0,0,0,0,15,1,0
/home/martin/Documents/uni/Y2Q2/SEM/aaa/sem-repo-13b/./ta-microservice/src/test/java/nl/tudelft/sem/tams/ta/entities/HourDeclarationTest.java,nl.tudelft.sem.tams.ta.entities.HourDeclarationTest,class,4,4,0,4,2,1,0,27,0,0.0,0.0,0.0,2,0,0,0,0,2,2,0,0,0,1,1,0,1,0,0,1,0,3,33,0,0,0,0,0,4,9,7,0,7,0,0,0,0,16,0,0
/home/martin/Documents/uni/Y2Q2/SEM/aaa/sem-repo-13b/./ta-microservice/src/main/java/nl/tudelft/sem/tams/ta/entities/builders/interfaces/ContractBuilder.java,nl.tudelft.sem.tams.ta.entities.builders.interfaces.ContractBuilder,interface,2,5,3,2,8,1,0,0,28,0.0,0.0,0.0,8,0,0,0,0,8,8,0,0,0,0,0,0,0,0,0,0,0,0,10,0,0,0,0,0,0,0,0,0,0,0,0,0,0,29,1,0
/home/martin/Documents/uni/Y2Q2/SEM/aaa/sem-repo-13b/./course-microservice/src/main/java/nl/tudelft/sem/tams/course/security/AuthEntryPoint.java,nl.tudelft.sem.tams.course.security.AuthEntryPoint,class,5,7,2,5,1,1,0,1,0,0.0,NaN,NaN,1,0,1,0,0,0,1,0,0,0,0,0,0,0,0,0,0,0,0,5,0,0,0,0,0,1,0,0,0,0,0,0,0,0,11,1,0
/home/martin/Documents/uni/Y2Q2/SEM/aaa/sem-repo-13b/./course-microservice/src/test/java/nl/tudelft/sem/tams/course/security/TokenVerifierTests.java,nl.tudelft.sem.tams.course.security.TokenVerifierTests,class,8,9,1,8,8,1,0,22,0,0.25,0.0,0.0,8,0,6,2,0,0,6,0,0,0,2,0,0,2,0,0,1,0,2,43,1,0,0,0,0,8,8,15,2,15,0,0,0,3,38,1,0
/home/martin/Documents/uni/Y2Q2/SEM/aaa/sem-repo-13b/./hiring-microservice/src/main/java/nl/tudelft/sem/tams/hiring/entities/enums/ApplicationStatus.java,nl.tudelft.sem.tams.hiring.entities.enums.ApplicationStatus,enum,0,6,6,0,0,1,0,0,0,0.0,-1.0,-1.0,0,0,0,0,0,0,0,0,0,0,0,0,0,0,0,0,0,0,0,1,0,0,0,0,0,0,0,0,0,0,0,0,0,0,9,1,0
/home/martin/Documents/uni/Y2Q2/SEM/aaa/sem-repo-13b/./hiring-microservice/src/test/java/nl/tudelft/sem/tams/hiring/profiles/MockCourseInformationProfile.java,nl.tudelft.sem.tams.hiring.profiles.MockCourseInformationProfile,class,5,5,0,5,1,1,0,1,0,0.0,NaN,NaN,1,0,1,0,0,0,1,0,0,0,0,0,0,0,0,0,0,0,0,5,1,0,0,0,0,1,0,0,0,0,0,0,0,0,17,1,0
/home/martin/Documents/uni/Y2Q2/SEM/aaa/sem-repo-13b/./ta-microservice/src/main/java/nl/tudelft/sem/tams/ta/services/SendGridEmailSender.java,nl.tudelft.sem.tams.ta.services.SendGridEmailSender,class,8,9,1,8,3,1,0,5,0,0.25,0.0,0.0,2,0,2,0,0,0,2,0,0,0,2,0,0,2,0,0,1,0,0,22,0,0,0,1,0,3,0,6,0,7,1,0,0,0,31,1,0
/home/martin/Documents/uni/Y2Q2/SEM/aaa/sem-repo-13b/./authentication-microservice/src/main/java/nl/tudelft/sem/tams/authentication/services/UserService.java,nl.tudelft.sem.tams.authentication.services.UserService,class,8,10,2,8,5,1,0,10,0,0.16666667,0.0,0.0,3,0,3,0,0,0,3,0,0,0,2,0,0,2,0,0,2,0,0,26,1,0,0,0,0,2,0,6,0,6,1,0,0,0,32,1,0
/home/martin/Documents/uni/Y2Q2/SEM/aaa/sem-repo-13b/./authentication-microservice/src/main/java/nl/tudelft/sem/tams/authentication/entities/AppUser.java,nl.tudelft.sem.tams.authentication.entities.AppUser,class,5,8,3,5,0,1,0,0,0,NaN,-1.0,-1.0,0,0,0,0,0,0,0,0,0,0,2,0,0,2,0,0,0,0,0,4,0,0,0,0,0,3,0,0,0,2,0,0,0,0,7,1,0
/home/martin/Documents/uni/Y2Q2/SEM/aaa/sem-repo-13b/./course-microservice/src/main/java/nl/tudelft/sem/tams/course/services/exceptions/ConflictException.java,nl.tudelft.sem.tams.course.services.exceptions.ConflictException,class,1,3,2,1,2,4,0,0,1,1.0,0.0,0.0,2,0,2,0,0,0,2,0,0,0,1,1,1,0,0,0,1,0,0,8,0,0,0,0,0,0,1,1,0,1,0,0,0,0,13,1,0
/home/martin/Documents/uni/Y2Q2/SEM/aaa/sem-repo-13b/./ta-microservice/src/test/java/nl/tudelft/sem/tams/ta/entities/ContractTest.java,nl.tudelft.sem.tams.ta.entities.ContractTest,class,5,5,0,5,9,1,0,32,0,0.0,0.0,0.0,9,0,0,0,0,9,9,0,0,0,1,0,0,1,0,0,0,0,0,57,0,0,0,0,0,12,22,5,0,4,0,0,0,3,29,0,0
/home/martin/Documents/uni/Y2Q2/SEM/aaa/sem-repo-13b/./ta-microservice/src/main/java/nl/tudelft/sem/tams/ta/controllers/ContractController.java,nl.tudelft.sem.tams.ta.controllers.ContractController,class,19,20,1,19,24,1,0,27,0,0.5555555,0.0,0.0,12,0,9,3,0,0,9,0,0,0,3,0,0,3,0,0,3,0,3,99,10,0,0,6,0,11,0,7,0,8,1,0,0,1,171,1,0
/home/martin/Documents/uni/Y2Q2/SEM/aaa/sem-repo-13b/./ta-microservice/src/main/java/nl/tudelft/sem/tams/ta/services/communication/MicroserviceCommunicationHelper.java,nl.tudelft.sem.tams.ta.services.communication.MicroserviceCommunicationHelper,class,10,14,4,10,5,1,0,7,8,0.6,0.0,0.0,5,0,4,1,0,0,4,0,0,0,1,0,0,1,0,0,1,0,1,25,4,0,0,0,0,2,0,5,0,5,0,0,0,0,59,1,0
/home/martin/Documents/uni/Y2Q2/SEM/aaa/sem-repo-13b/./ta-microservice/src/main/java/nl/tudelft/sem/tams/ta/repositories/ContractRepository.java,nl.tudelft.sem.tams.ta.repositories.ContractRepository,interface,4,10,6,4,1,1,0,0,0,0.0,NaN,NaN,1,0,0,0,0,1,1,0,0,0,0,0,0,0,0,0,0,0,0,3,0,0,0,0,0,4,0,0,1,0,0,0,0,0,58,1,0
/home/martin/Documents/uni/Y2Q2/SEM/aaa/sem-repo-13b/./course-microservice/src/test/java/nl/tudelft/sem/tams/course/security/AuthManagerTests.java,nl.tudelft.sem.tams.course.security.AuthManagerTests,class,4,4,0,4,2,1,0,6,0,0.0,0.0,0.0,2,0,2,0,0,0,2,0,0,0,1,0,0,1,0,0,0,0,1,13,0,0,0,0,0,1,0,4,0,4,0,0,0,0,18,1,0
/home/martin/Documents/uni/Y2Q2/SEM/aaa/sem-repo-13b/./authentication-microservice/src/test/java/nl/tudelft/sem/tams/authentication/services/UserServiceTests.java,nl.tudelft.sem.tams.authentication.services.UserServiceTests,class,14,14,0,14,4,1,0,20,0,0.25,0.0,0.0,4,0,4,0,0,0,4,0,0,0,3,0,0,3,0,0,0,0,0,51,0,0,0,0,0,13,0,19,0,22,0,0,0,2,43,1,0
/home/martin/Documents/uni/Y2Q2/SEM/aaa/sem-repo-13b/./ta-microservice/src/test/java/nl/tudelft/sem/tams/ta/security/AuthManagerTests.java,nl.tudelft.sem.tams.ta.security.AuthManagerTests,class,4,4,0,4,2,1,0,6,0,0.0,0.0,0.0,2,0,2,0,0,0,2,0,0,0,1,0,0,1,0,0,0,0,1,13,0,0,0,0,0,1,0,4,0,4,0,0,0,0,18,1,0
/home/martin/Documents/uni/Y2Q2/SEM/aaa/sem-repo-13b/./ta-microservice/src/main/java/nl/tudelft/sem/tams/ta/entities/compositekeys/ContractId.java,nl.tudelft.sem.tams.ta.entities.compositekeys.ContractId$ContractIdBuilder,innerclass,2,2,0,2,4,1,0,0,2,0.5,0.0,0.0,4,0,3,0,0,1,4,0,0,0,2,0,0,2,0,0,0,0,0,17,3,0,0,0,0,0,0,2,0,2,0,0,0,0,9,9,0
/home/martin/Documents/uni/Y2Q2/SEM/aaa/sem-repo-13b/./ta-microservice/src/main/java/nl/tudelft/sem/tams/ta/models/CreateContractRequestModel.java,nl.tudelft.sem.tams.ta.models.CreateContractRequestModel,class,4,6,2,4,0,1,0,0,0,NaN,-1.0,-1.0,0,0,0,0,0,0,0,0,0,0,5,0,0,5,0,0,0,0,0,7,0,0,0,0,0,0,0,0,0,5,0,0,0,0,14,1,0
/home/martin/Documents/uni/Y2Q2/SEM/aaa/sem-repo-13b/./ta-microservice/src/test/java/nl/tudelft/sem/tams/ta/entities/builders/directors/ContractDirectorTest.java,nl.tudelft.sem.tams.ta.entities.builders.directors.ContractDirectorTest,class,4,4,0,4,2,1,0,14,0,0.0,0.0,0.0,2,0,2,0,0,0,2,0,0,0,1,0,0,1,0,0,0,0,0,24,0,0,0,0,0,3,1,8,0,7,0,0,0,0,19,1,0
/home/martin/Documents/uni/Y2Q2/SEM/aaa/sem-repo-13b/./ta-microservice/src/main/java/nl/tudelft/sem/tams/ta/entities/builders/ConcreteContractBuilder.java,nl.tudelft.sem.tams.ta.entities.builders.ConcreteContractBuilder,class,3,16,13,3,9,1,0,0,22,0.77777773,0.0,0.0,9,0,9,0,0,0,9,0,0,0,7,0,0,7,0,0,0,0,0,42,8,0,0,0,0,0,0,7,0,7,0,0,0,0,25,1,0
/home/martin/Documents/uni/Y2Q2/SEM/aaa/sem-repo-13b/./ta-microservice/src/test/java/nl/tudelft/sem/tams/ta/services/communication/ConnectedCourseInformationServiceTests.java,nl.tudelft.sem.tams.ta.services.communication.ConnectedCourseInformationServiceTests,class,9,9,0,9,9,1,0,19,0,0.3555556,0.0,0.0,9,0,9,0,0,0,9,0,0,0,5,3,2,2,0,1,3,0,0,71,0,0,0,0,0,16,3,25,12,27,0,0,0,0,47,1,0
/home/martin/Documents/uni/Y2Q2/SEM/aaa/sem-repo-13b/./ta-microservice/src/test/java/nl/tudelft/sem/tams/ta/services/SendGridEmailSenderTests.java,nl.tudelft.sem.tams.ta.services.SendGridEmailSenderTests,class,10,11,1,10,4,1,0,24,0,0.33333334,0.0,0.0,4,0,3,1,0,0,3,0,0,0,6,0,0,6,0,0,4,0,0,36,0,0,0,0,0,31,0,13,2,13,0,0,0,1,51,1,0
/home/martin/Documents/uni/Y2Q2/SEM/aaa/sem-repo-13b/./hiring-microservice/src/main/java/nl/tudelft/sem/tams/hiring/entities/TeachingAssistantApplication.java,nl.tudelft.sem.tams.hiring.entities.TeachingAssistantApplication,class,12,22,10,12,7,1,0,6,0,0.5833333,0.0,0.0,4,1,4,0,0,0,4,0,0,0,9,3,0,9,0,0,3,0,0,30,3,0,0,0,0,7,3,4,0,10,0,0,0,0,46,1,0
/home/martin/Documents/uni/Y2Q2/SEM/aaa/sem-repo-13b/./ta-microservice/src/test/java/nl/tudelft/sem/tams/ta/integration/HourControllerTest.java,nl.tudelft.sem.tams.ta.integration.HourControllerTest,class,30,31,1,30,22,1,0,85,0,0.7714286,0.0,0.0,21,0,0,2,0,19,19,0,0,0,10,0,0,10,0,0,0,0,15,182,2,1,0,0,0,84,28,59,1,61,1,0,0,0,123,0,0
/home/martin/Documents/uni/Y2Q2/SEM/aaa/sem-repo-13b/./hiring-microservice/src/main/java/nl/tudelft/sem/tams/hiring/security/TokenVerifier.java,nl.tudelft.sem.tams.hiring.security.TokenVerifier,class,4,10,6,4,3,1,0,8,3,0.6666667,0.0,0.0,3,0,2,1,0,0,2,0,0,0,1,0,0,1,0,0,0,0,0,13,3,0,0,0,0,1,0,1,0,2,0,0,0,0,13,1,0
/home/martin/Documents/uni/Y2Q2/SEM/aaa/sem-repo-13b/./hiring-microservice/src/main/java/nl/tudelft/sem/tams/hiring/repositories/TeachingAssistantApplicationRepository.java,nl.tudelft.sem.tams.hiring.repositories.TeachingAssistantApplicationRepository,interface,4,7,3,4,2,1,0,0,1,0.0,0.0,0.0,2,0,0,0,0,2,2,0,0,0,0,0,0,0,0,0,0,0,0,4,0,0,0,0,0,0,0,0,0,0,0,0,0,0,12,1,0
/home/martin/Documents/uni/Y2Q2/SEM/aaa/sem-repo-13b/./hiring-microservice/src/main/java/nl/tudelft/sem/tams/hiring/services/HiringService.java,nl.tudelft.sem.tams.hiring.services.HiringService,class,13,17,4,13,27,1,0,42,0,0.69696975,0.0,0.0,11,0,11,0,0,0,11,0,0,0,6,2,0,6,0,0,6,0,1,109,9,3,3,0,0,5,3,24,0,25,2,0,0,1,186,1,0
/home/martin/Documents/uni/Y2Q2/SEM/aaa/sem-repo-13b/./ta-microservice/src/main/java/nl/tudelft/sem/tams/ta/models/HourRequestModel.java,nl.tudelft.sem.tams.ta.models.HourRequestModel$HourRequestModelBuilder,innerclass,2,2,0,2,4,1,0,0,2,0.5,0.0,0.0,4,0,3,0,0,1,4,0,0,0,2,0,0,2,0,0,0,0,0,17,3,0,0,0,0,0,0,2,0,2,0,0,0,0,11,9,0
/home/martin/Documents/uni/Y2Q2/SEM/aaa/sem-repo-13b/./ta-microservice/src/test/java/nl/tudelft/sem/tams/ta/services/ContractServiceTest.java,nl.tudelft.sem.tams.ta.services.ContractServiceTest,class,17,18,1,17,34,1,0,71,0,0.45454547,0.0,0.0,33,0,0,1,0,32,32,0,0,0,4,0,0,4,0,0,0,0,7,283,0,0,1,0,1,233,107,92,2,84,0,0,0,24,158,0,0
/home/martin/Documents/uni/Y2Q2/SEM/aaa/sem-repo-13b/./course-microservice/src/test/java/nl/tudelft/sem/tams/course/security/AuthFilterTests.java,nl.tudelft.sem.tams.course.security.AuthFilterTests,class,13,13,0,13,9,1,0,20,0,0.17777778,0.0,0.0,9,1,8,1,0,0,8,0,0,0,5,0,0,5,0,0,0,0,1,72,1,0,0,0,0,21,0,15,4,15,0,0,0,0,48,1,0
/home/martin/Documents/uni/Y2Q2/SEM/aaa/sem-repo-13b/./hiring-microservice/src/main/java/nl/tudelft/sem/tams/hiring/models/TeachingAssistantApplicationRequestModel.java,nl.tudelft.sem.tams.hiring.models.TeachingAssistantApplicationRequestModel,class,3,5,2,3,1,1,0,0,0,0.25,NaN,NaN,1,0,1,0,0,0,1,0,0,0,4,0,0,4,0,0,0,0,0,9,0,0,0,0,0,0,0,0,0,4,0,0,0,0,11,1,0
/home/martin/Documents/uni/Y2Q2/SEM/aaa/sem-repo-13b/./authentication-microservice/src/test/java/nl/tudelft/sem/tams/authentication/profiles/MockTokenGeneratorProfile.java,nl.tudelft.sem.tams.authentication.profiles.MockTokenGeneratorProfile,class,5,5,0,5,1,1,0,1,0,0.0,NaN,NaN,1,0,1,0,0,0,1,0,0,0,0,0,0,0,0,0,0,0,0,5,1,0,0,0,0,1,0,0,0,0,0,0,0,0,17,1,0
/home/martin/Documents/uni/Y2Q2/SEM/aaa/sem-repo-13b/./ta-microservice/src/main/java/nl/tudelft/sem/tams/ta/entities/compositekeys/ContractId.java,nl.tudelft.sem.tams.ta.entities.compositekeys.ContractId,class,4,10,6,4,1,1,0,1,0,1.0,NaN,NaN,1,1,1,0,0,0,1,0,0,0,3,1,1,2,0,0,1,0,0,25,1,0,0,0,0,1,0,1,0,3,0,0,1,0,13,1,0
/home/martin/Documents/uni/Y2Q2/SEM/aaa/sem-repo-13b/./course-microservice/src/main/java/nl/tudelft/sem/tams/course/repositories/CourseRepository.java,nl.tudelft.sem.tams.course.repositories.CourseRepository,interface,2,5,3,2,1,1,0,0,0,0.0,NaN,NaN,1,0,0,0,0,1,1,0,0,0,0,0,0,0,0,0,0,0,0,3,0,0,0,0,0,0,0,0,0,0,0,0,0,0,18,1,0
/home/martin/Documents/uni/Y2Q2/SEM/aaa/sem-repo-13b/./course-microservice/src/main/java/nl/tudelft/sem/tams/course/security/AuthManager.java,nl.tudelft.sem.tams.course.security.AuthManager,class,1,5,4,1,1,1,0,3,0,0.0,NaN,NaN,1,0,1,0,0,0,1,0,0,0,0,0,0,0,0,0,0,0,0,5,1,0,0,0,0,0,0,0,0,0,0,0,0,0,4,1,0
/home/martin/Documents/uni/Y2Q2/SEM/aaa/sem-repo-13b/./hiring-microservice/src/main/java/nl/tudelft/sem/tams/hiring/security/AuthEntryPoint.java,nl.tudelft.sem.tams.hiring.security.AuthEntryPoint,class,5,7,2,5,1,1,0,1,0,0.0,NaN,NaN,1,0,1,0,0,0,1,0,0,0,0,0,0,0,0,0,0,0,0,5,0,0,0,0,0,1,0,0,0,0,0,0,0,0,11,1,0
/home/martin/Documents/uni/Y2Q2/SEM/aaa/sem-repo-13b/./course-microservice/src/test/java/nl/tudelft/sem/tams/course/utils/JsonUtil.java,nl.tudelft.sem.tams.course.utils.JsonUtil,class,3,4,1,3,2,1,0,3,1,0.0,0.0,0.0,2,2,2,0,0,0,2,0,0,0,0,0,0,0,0,0,0,0,0,12,2,0,0,0,0,0,0,2,0,2,0,0,0,0,34,1,0
/home/martin/Documents/uni/Y2Q2/SEM/aaa/sem-repo-13b/./ta-microservice/src/main/java/nl/tudelft/sem/tams/ta/services/ContractService.java,nl.tudelft.sem.tams.ta.services.ContractService,class,12,17,5,12,33,1,0,35,20,0.80769235,0.0,0.0,13,0,11,2,0,0,11,0,0,0,6,0,0,6,0,0,6,0,3,119,10,2,7,1,0,19,6,24,3,23,1,0,0,0,212,1,0
/home/martin/Documents/uni/Y2Q2/SEM/aaa/sem-repo-13b/./ta-microservice/src/test/java/nl/tudelft/sem/tams/ta/profiles/MockEmailSenderProfile.java,nl.tudelft.sem.tams.ta.profiles.MockEmailSenderProfile,class,5,5,0,5,1,1,0,1,0,0.0,NaN,NaN,1,0,1,0,0,0,1,0,0,0,0,0,0,0,0,0,0,0,0,5,1,0,0,0,0,1,0,0,0,0,0,0,0,0,17,1,0
/home/martin/Documents/uni/Y2Q2/SEM/aaa/sem-repo-13b/./hiring-microservice/src/main/java/nl/tudelft/sem/tams/hiring/security/AuthManager.java,nl.tudelft.sem.tams.hiring.security.AuthManager,class,1,5,4,1,1,1,0,3,0,0.0,NaN,NaN,1,0,1,0,0,0,1,0,0,0,0,0,0,0,0,0,0,0,0,5,1,0,0,0,0,0,0,0,0,0,0,0,0,0,4,1,0
/home/martin/Documents/uni/Y2Q2/SEM/aaa/sem-repo-13b/./hiring-microservice/src/test/java/nl/tudelft/sem/tams/hiring/profiles/MockMicroserviceCommunicationHelperProfile.java,nl.tudelft.sem.tams.hiring.profiles.MockMicroserviceCommunicationHelperProfile,class,5,5,0,5,1,1,0,1,0,0.0,NaN,NaN,1,0,1,0,0,0,1,0,0,0,0,0,0,0,0,0,0,0,0,5,1,0,0,0,0,1,0,0,0,0,0,0,0,0,18,1,0
/home/martin/Documents/uni/Y2Q2/SEM/aaa/sem-repo-13b/./course-microservice/src/main/java/nl/tudelft/sem/tams/course/entities/Course.java,nl.tudelft.sem.tams.course.entities.Course,class,11,17,6,11,0,1,0,0,0,NaN,-1.0,-1.0,0,0,0,0,0,0,0,0,0,0,6,0,0,6,0,0,0,0,0,8,0,0,0,0,0,6,0,0,0,6,0,0,0,0,34,1,0
/home/martin/Documents/uni/Y2Q2/SEM/aaa/sem-repo-13b/./ta-microservice/src/main/java/nl/tudelft/sem/tams/ta/models/ContractResponseModel.java,nl.tudelft.sem.tams.ta.models.ContractResponseModel,class,6,10,4,6,1,1,0,7,0,1.0,NaN,NaN,1,1,1,0,0,0,1,0,0,0,7,0,0,7,0,0,0,0,0,12,1,0,0,0,0,0,0,0,0,7,0,0,0,0,23,1,0
/home/martin/Documents/uni/Y2Q2/SEM/aaa/sem-repo-13b/./ta-microservice/src/test/java/nl/tudelft/sem/tams/ta/security/TokenVerifierTests.java,nl.tudelft.sem.tams.ta.security.TokenVerifierTests,class,8,9,1,8,8,1,0,22,0,0.25,0.0,0.0,8,0,6,2,0,0,6,0,0,0,2,0,0,2,0,0,1,0,2,43,1,0,0,0,0,8,8,15,2,15,0,0,0,3,38,1,0
/home/martin/Documents/uni/Y2Q2/SEM/aaa/sem-repo-13b/./ta-microservice/src/test/java/nl/tudelft/sem/tams/ta/repositories/ContractRepositoryTests.java,nl.tudelft.sem.tams.ta.repositories.ContractRepositoryTests,class,10,11,1,10,11,1,0,27,9,0.65,0.0,0.0,10,0,0,1,0,9,9,0,0,0,4,0,0,4,0,0,2,0,9,79,1,1,0,0,0,49,25,24,0,25,1,0,0,0,80,1,0
/home/martin/Documents/uni/Y2Q2/SEM/aaa/sem-repo-13b/./authentication-microservice/src/main/java/nl/tudelft/sem/tams/authentication/providers/TimeProvider.java,nl.tudelft.sem.tams.authentication.providers.TimeProvider,interface,0,3,3,0,1,1,0,0,0,0.0,NaN,NaN,1,0,0,0,0,1,1,0,0,0,0,0,0,0,0,0,0,0,0,3,0,0,0,0,0,0,0,0,0,0,0,0,0,0,29,1,0
/home/martin/Documents/uni/Y2Q2/SEM/aaa/sem-repo-13b/./authentication-microservice/src/test/java/nl/tudelft/sem/tams/authentication/security/TokenGeneratorTests.java,nl.tudelft.sem.tams.authentication.security.TokenGeneratorTests,class,8,9,1,8,6,1,0,24,0,0.5,0.0,0.0,6,0,4,2,0,0,4,0,0,0,6,0,0,6,0,0,1,0,1,38,1,0,0,0,0,5,1,13,0,13,0,0,0,0,39,1,0
/home/martin/Documents/uni/Y2Q2/SEM/aaa/sem-repo-13b/./ta-microservice/src/test/java/nl/tudelft/sem/tams/ta/profiles/MockCourseInformationProfile.java,nl.tudelft.sem.tams.ta.profiles.MockCourseInformationProfile,class,5,5,0,5,1,1,0,1,0,0.0,NaN,NaN,1,0,1,0,0,0,1,0,0,0,0,0,0,0,0,0,0,0,0,5,1,0,0,0,0,1,0,0,0,0,0,0,0,0,17,1,0
/home/martin/Documents/uni/Y2Q2/SEM/aaa/sem-repo-13b/./course-microservice/src/main/java/nl/tudelft/sem/tams/course/models/CourseCreationRequestModel.java,nl.tudelft.sem.tams.course.models.CourseCreationRequestModel,class,7,9,2,7,0,1,0,0,0,NaN,-1.0,-1.0,0,0,0,0,0,0,0,0,0,0,5,0,0,5,0,0,0,0,0,7,0,0,0,0,0,0,0,0,0,5,0,0,0,0,24,1,0
/home/martin/Documents/uni/Y2Q2/SEM/aaa/sem-repo-13b/./ta-microservice/src/main/java/nl/tudelft/sem/tams/ta/repositories/HourDeclarationRepository.java,nl.tudelft.sem.tams.ta.repositories.HourDeclarationRepository,interface,5,8,3,5,2,1,0,0,1,0.0,0.0,0.0,2,0,0,0,0,2,2,0,0,0,0,0,0,0,0,0,0,0,0,4,0,0,0,0,0,9,0,0,2,0,0,0,0,0,39,1,0
/home/martin/Documents/uni/Y2Q2/SEM/aaa/sem-repo-13b/./authentication-microservice/src/main/java/nl/tudelft/sem/tams/authentication/security/TokenGenerator.java,nl.tudelft.sem.tams.authentication.security.TokenGenerator,class,4,8,4,4,2,1,0,10,0,0.25,0.0,0.0,2,0,2,0,0,0,2,0,0,0,2,0,0,2,0,0,1,0,0,11,1,0,0,0,0,1,4,2,2,3,0,0,0,0,26,1,0
/home/martin/Documents/uni/Y2Q2/SEM/aaa/sem-repo-13b/./ta-microservice/src/main/java/nl/tudelft/sem/tams/ta/entities/builders/directors/HourDeclarationDirector.java,nl.tudelft.sem.tams.ta.entities.builders.directors.HourDeclarationDirector,class,1,4,3,1,1,1,0,2,0,0.0,NaN,NaN,1,0,1,0,0,0,1,0,0,0,0,0,0,0,0,0,0,0,0,5,0,0,0,0,0,0,0,0,0,0,0,0,0,0,15,1,0
/home/martin/Documents/uni/Y2Q2/SEM/aaa/sem-repo-13b/./hiring-microservice/src/main/java/nl/tudelft/sem/tams/hiring/services/communication/ConnectedCourseInformationService.java,nl.tudelft.sem.tams.hiring.services.communication.ConnectedCourseInformationService,class,7,9,2,7,10,1,0,7,0,0.375,0.0,0.0,4,0,4,0,0,0,4,0,0,0,2,0,0,2,0,0,0,0,1,38,7,0,4,2,0,4,0,4,2,5,1,0,0,0,38,1,0
/home/martin/Documents/uni/Y2Q2/SEM/aaa/sem-repo-13b/./hiring-microservice/src/test/java/nl/tudelft/sem/tams/hiring/services/builders/TeachingAssistantApplicationAcceptRequestModelBuilderTest.java,nl.tudelft.sem.tams.hiring.services.builders.TeachingAssistantApplicationAcceptRequestModelBuilderTest,class,3,3,0,3,5,1,0,14,0,0.0,0.0,0.0,5,0,5,0,0,0,5,0,0,0,1,0,0,1,0,0,0,0,5,46,0,0,0,0,0,6,2,13,0,9,0,0,0,0,25,1,0
/home/martin/Documents/uni/Y2Q2/SEM/aaa/sem-repo-13b/./hiring-microservice/src/test/java/nl/tudelft/sem/tams/hiring/services/communication/ConnectedContractInformationServiceTests.java,nl.tudelft.sem.tams.hiring.services.communication.ConnectedContractInformationServiceTests,class,10,10,0,10,5,1,0,26,0,0.32000002,0.0,0.0,5,0,5,0,0,0,5,0,0,0,5,3,0,4,0,1,3,0,4,51,0,0,0,0,0,22,6,18,7,20,0,1,0,0,45,1,0
/home/martin/Documents/uni/Y2Q2/SEM/aaa/sem-repo-13b/./course-microservice/src/main/java/nl/tudelft/sem/tams/course/models/CourseResponseModel.java,nl.tudelft.sem.tams.course.models.CourseResponseModel,class,8,11,3,8,1,1,0,5,0,1.0,NaN,NaN,1,1,1,0,0,0,1,0,0,0,5,0,0,5,0,0,0,0,0,10,1,0,0,0,0,0,0,0,0,5,0,0,0,0,32,1,0
/home/martin/Documents/uni/Y2Q2/SEM/aaa/sem-repo-13b/./course-microservice/src/main/java/nl/tudelft/sem/tams/course/models/CourseRemoveResponsibleLecturerRequestModel.java,nl.tudelft.sem.tams.course.models.CourseRemoveResponsibleLecturerRequestModel,class,4,6,2,4,0,1,0,0,0,NaN,-1.0,-1.0,0,0,0,0,0,0,0,0,0,0,1,0,0,1,0,0,0,0,0,3,0,0,0,0,0,0,0,0,0,1,0,0,0,0,11,1,0
/home/martin/Documents/uni/Y2Q2/SEM/aaa/sem-repo-13b/./ta-microservice/src/main/java/nl/tudelft/sem/tams/ta/models/AcceptContractRequestModel.java,nl.tudelft.sem.tams.ta.models.AcceptContractRequestModel,class,4,7,3,4,0,1,0,0,0,NaN,-1.0,-1.0,0,0,0,0,0,0,0,0,0,0,1,0,0,1,0,0,0,0,0,3,0,0,0,0,0,0,0,0,0,1,0,0,0,0,6,1,0
/home/martin/Documents/uni/Y2Q2/SEM/aaa/sem-repo-13b/./hiring-microservice/src/test/java/nl/tudelft/sem/tams/hiring/profiles/MockTimeProvider.java,nl.tudelft.sem.tams.hiring.profiles.MockTimeProvider,class,5,5,0,5,1,1,0,1,0,0.0,NaN,NaN,1,0,1,0,0,0,1,0,0,0,0,0,0,0,0,0,0,0,0,5,1,0,0,0,0,1,0,0,0,0,0,0,0,0,16,1,0
/home/martin/Documents/uni/Y2Q2/SEM/aaa/sem-repo-13b/./authentication-microservice/src/test/java/nl/tudelft/sem/tams/authentication/profiles/MockPasswordEncoderProfile.java,nl.tudelft.sem.tams.authentication.profiles.MockPasswordEncoderProfile,class,5,5,0,5,1,1,0,1,0,0.0,NaN,NaN,1,0,1,0,0,0,1,0,0,0,0,0,0,0,0,0,0,0,0,5,1,0,0,0,0,1,0,0,0,0,0,0,0,0,17,1,0
/home/martin/Documents/uni/Y2Q2/SEM/aaa/sem-repo-13b/./hiring-microservice/src/main/java/nl/tudelft/sem/tams/hiring/entities/compositekeys/TeachingAssistantApplicationKey.java,nl.tudelft.sem.tams.hiring.entities.compositekeys.TeachingAssistantApplicationKey,class,4,9,5,4,0,1,0,0,0,NaN,-1.0,-1.0,0,0,0,0,0,0,0,0,0,0,3,1,1,2,0,0,1,0,0,5,0,0,0,0,0,0,1,1,0,3,0,0,0,0,13,1,0
/home/martin/Documents/uni/Y2Q2/SEM/aaa/sem-repo-13b/./hiring-microservice/src/test/java/nl/tudelft/sem/tams/hiring/services/communication/ConnectedContractInformationServiceTests.java,nl.tudelft.sem.tams.hiring.services.communication.ConnectedContractInformationServiceTests$Anonymous1,anonymous,0,0,0,0,1,1,0,1,0,0.0,NaN,NaN,0,0,0,0,0,0,1,0,0,0,0,0,0,0,0,0,0,0,0,6,0,0,0,0,0,2,2,0,0,0,0,0,0,0,1,-1,0
/home/martin/Documents/uni/Y2Q2/SEM/aaa/sem-repo-13b/./ta-microservice/src/main/java/nl/tudelft/sem/tams/ta/models/SubmitHoursRequestModel.java,nl.tudelft.sem.tams.ta.models.SubmitHoursRequestModel,class,6,11,5,6,0,1,0,0,0,NaN,-1.0,-1.0,0,0,0,0,0,0,0,0,0,0,4,0,0,4,0,0,0,0,0,6,0,0,0,0,0,0,0,0,0,4,0,0,0,0,13,1,0
/home/martin/Documents/uni/Y2Q2/SEM/aaa/sem-repo-13b/./hiring-microservice/src/test/java/nl/tudelft/sem/tams/hiring/services/communication/ConnectedCourseInformationServiceTests.java,nl.tudelft.sem.tams.hiring.services.communication.ConnectedCourseInformationServiceTests,class,10,10,0,10,11,1,0,25,0,0.40909088,0.0,0.0,11,0,11,0,0,0,11,0,0,0,6,4,0,5,0,1,4,0,1,94,0,0,0,0,0,18,8,34,16,36,0,0,0,1,60,1,0
/home/martin/Documents/uni/Y2Q2/SEM/aaa/sem-repo-13b/./ta-microservice/src/main/java/nl/tudelft/sem/tams/ta/config/SendGridConfig.java,nl.tudelft.sem.tams.ta.config.SendGridConfig,class,4,4,0,4,1,1,0,0,0,0.0,NaN,NaN,1,0,1,0,0,0,1,0,0,0,1,0,0,1,0,0,0,0,0,6,1,0,0,0,0,1,0,0,0,1,0,0,0,0,6,1,0
/home/martin/Documents/uni/Y2Q2/SEM/aaa/sem-repo-13b/./ta-microservice/src/main/java/nl/tudelft/sem/tams/ta/models/HourRequestModel.java,nl.tudelft.sem.tams.ta.models.HourRequestModel,class,4,5,1,4,1,1,0,0,0,1.0,NaN,NaN,1,1,1,0,0,0,1,0,0,0,2,0,0,2,0,0,0,0,0,24,1,0,0,0,0,0,0,0,0,2,0,0,1,0,9,1,0
/home/martin/Documents/uni/Y2Q2/SEM/aaa/sem-repo-13b/./hiring-microservice/src/test/java/nl/tudelft/sem/tams/hiring/security/AuthFilterTests.java,nl.tudelft.sem.tams.hiring.security.AuthFilterTests,class,13,13,0,13,9,1,0,20,0,0.17777778,0.0,0.0,9,1,8,1,0,0,8,0,0,0,5,0,0,5,0,0,0,0,1,72,1,0,0,0,0,21,0,15,4,15,0,0,0,0,48,1,0
/home/martin/Documents/uni/Y2Q2/SEM/aaa/sem-repo-13b/./hiring-microservice/src/test/java/nl/tudelft/sem/tams/hiring/security/AuthEntryPointTests.java,nl.tudelft.sem.tams.hiring.security.AuthEntryPointTests,class,6,6,0,6,2,1,0,6,0,0.0,0.0,0.0,2,0,2,0,0,0,2,0,0,0,4,0,0,4,0,0,0,0,0,18,0,0,0,0,0,1,0,4,0,4,0,0,0,0,24,1,0
/home/martin/Documents/uni/Y2Q2/SEM/aaa/sem-repo-13b/./ta-microservice/src/test/java/nl/tudelft/sem/tams/ta/entities/builders/directors/HourDeclarationDirectorTest.java,nl.tudelft.sem.tams.ta.entities.builders.directors.HourDeclarationDirectorTest,class,6,6,0,6,2,1,0,22,0,0.25,0.0,0.0,2,0,2,0,0,0,2,0,0,0,2,1,0,2,0,0,1,0,2,23,0,0,0,0,0,4,8,9,0,8,0,0,0,0,29,1,0
/home/martin/Documents/uni/Y2Q2/SEM/aaa/sem-repo-13b/./ta-microservice/src/test/java/nl/tudelft/sem/tams/ta/models/ModelTests.java,nl.tudelft.sem.tams.ta.models.ModelTests,class,11,11,0,11,6,1,0,46,11,0.6666667,0.0,0.0,6,0,0,0,0,6,6,0,0,0,2,0,0,2,0,0,0,0,4,80,0,0,0,0,0,10,5,21,0,21,0,0,0,0,52,1,0
/home/martin/Documents/uni/Y2Q2/SEM/aaa/sem-repo-13b/./course-microservice/src/test/java/nl/tudelft/sem/tams/course/CourseServiceTests.java,nl.tudelft.sem.tams.course.CourseServiceTests,class,12,12,0,12,20,1,0,28,0,0.09444445,0.0,0.0,20,0,19,0,0,1,20,0,0,0,9,0,0,2,0,7,6,0,3,151,0,0,0,0,0,17,6,46,0,47,0,0,0,7,69,1,0
/home/martin/Documents/uni/Y2Q2/SEM/aaa/sem-repo-13b/./ta-microservice/src/main/java/nl/tudelft/sem/tams/ta/config/H2Config.java,nl.tudelft.sem.tams.ta.config.H2Config,class,8,8,0,8,2,1,0,5,0,0.0,0.0,0.0,2,0,2,0,0,0,2,0,0,0,1,0,0,1,0,0,1,0,0,14,1,0,0,0,0,6,0,2,0,2,0,0,0,0,15,1,0
/home/martin/Documents/uni/Y2Q2/SEM/aaa/sem-repo-13b/./hiring-microservice/src/test/java/nl/tudelft/sem/tams/hiring/services/HiringServiceTest.java,nl.tudelft.sem.tams.hiring.services.HiringServiceTest,class,21,21,0,21,42,1,0,58,0,0.57017547,0.0,0.0,38,0,38,0,0,0,38,0,0,0,6,1,0,6,0,0,1,0,8,321,0,0,4,0,0,206,75,112,0,120,0,1,0,18,155,1,0
/home/martin/Documents/uni/Y2Q2/SEM/aaa/sem-repo-13b/./ta-microservice/src/main/java/nl/tudelft/sem/tams/ta/entities/Contract.java,nl.tudelft.sem.tams.ta.entities.Contract,class,9,31,22,9,5,1,0,0,1,0.7777778,0.0,0.0,2,0,2,0,0,0,2,0,0,0,9,0,0,9,0,0,2,0,0,23,0,0,0,0,0,5,3,4,0,9,1,0,0,0,47,1,0
/home/martin/Documents/uni/Y2Q2/SEM/aaa/sem-repo-13b/./ta-microservice/src/main/java/nl/tudelft/sem/tams/ta/services/communication/models/CourseInformationResponseModel.java,nl.tudelft.sem.tams.ta.services.communication.models.CourseInformationResponseModel,class,4,8,4,4,0,1,0,0,0,NaN,-1.0,-1.0,0,0,0,0,0,0,0,0,0,0,6,0,0,6,0,0,0,0,0,8,0,0,0,0,0,0,0,0,0,6,0,0,0,0,17,1,0
/home/martin/Documents/uni/Y2Q2/SEM/aaa/sem-repo-13b/./hiring-microservice/src/main/java/nl/tudelft/sem/tams/hiring/config/RequestAuthenticationConfig.java,nl.tudelft.sem.tams.hiring.config.RequestAuthenticationConfig,class,6,6,0,6,2,2,0,11,0,0.0,0.0,0.0,2,0,1,0,1,0,2,0,0,0,2,0,0,2,0,0,2,0,0,12,0,0,0,0,0,0,0,2,0,2,0,0,0,0,19,1,0
/home/martin/Documents/uni/Y2Q2/SEM/aaa/sem-repo-13b/./course-microservice/src/main/java/nl/tudelft/sem/tams/course/Application.java,nl.tudelft.sem.tams.course.Application,class,2,3,1,2,1,1,0,1,0,0.0,NaN,NaN,1,1,1,0,0,0,1,0,0,0,0,0,0,0,0,0,0,0,0,5,0,0,0,0,0,0,0,0,0,0,0,0,0,0,3,1,0
/home/martin/Documents/uni/Y2Q2/SEM/aaa/sem-repo-13b/./hiring-microservice/src/main/java/nl/tudelft/sem/tams/hiring/controllers/HiringController.java,nl.tudelft.sem.tams.hiring.controllers.HiringController,class,17,17,0,17,24,1,0,26,0,0.16666667,0.0,0.0,8,0,8,0,0,0,8,0,0,0,3,0,0,3,0,0,3,0,3,100,10,0,0,5,1,10,2,11,0,10,2,0,0,0,131,1,0
/home/martin/Documents/uni/Y2Q2/SEM/aaa/sem-repo-13b/./hiring-microservice/src/main/java/nl/tudelft/sem/tams/hiring/services/communication/MicroserviceCommunicationHelper.java,nl.tudelft.sem.tams.hiring.services.communication.MicroserviceCommunicationHelper,class,10,16,6,10,5,1,0,7,8,0.6,0.0,0.0,5,0,4,1,0,0,4,0,0,0,1,0,0,1,0,0,1,0,1,25,4,0,0,0,0,2,0,5,0,5,0,0,0,0,59,1,0
/home/martin/Documents/uni/Y2Q2/SEM/aaa/sem-repo-13b/./authentication-microservice/src/main/java/nl/tudelft/sem/tams/authentication/models/LoginRequestModel.java,nl.tudelft.sem.tams.authentication.models.LoginRequestModel,class,1,3,2,1,0,1,0,0,0,NaN,-1.0,-1.0,0,0,0,0,0,0,0,0,0,0,2,0,0,2,0,0,0,0,0,4,0,0,0,0,0,0,0,0,0,2,0,0,0,0,5,1,0
/home/martin/Documents/uni/Y2Q2/SEM/aaa/sem-repo-13b/./ta-microservice/src/main/java/nl/tudelft/sem/tams/ta/security/AuthEntryPoint.java,nl.tudelft.sem.tams.ta.security.AuthEntryPoint,class,5,7,2,5,1,1,0,1,0,0.0,NaN,NaN,1,0,1,0,0,0,1,0,0,0,0,0,0,0,0,0,0,0,0,5,0,0,0,0,0,1,0,0,0,0,0,0,0,0,11,1,0
/home/martin/Documents/uni/Y2Q2/SEM/aaa/sem-repo-13b/./hiring-microservice/src/test/java/nl/tudelft/sem/tams/hiring/utils/JsonUtil.java,nl.tudelft.sem.tams.hiring.utils.JsonUtil,class,2,3,1,2,2,1,0,2,1,0.0,0.0,0.0,2,2,2,0,0,0,2,0,0,0,0,0,0,0,0,0,0,0,0,10,2,0,0,0,0,0,0,2,0,2,0,0,0,0,31,1,0
/home/martin/Documents/uni/Y2Q2/SEM/aaa/sem-repo-13b/./ta-microservice/src/test/java/nl/tudelft/sem/tams/ta/utils/JsonUtil.java,nl.tudelft.sem.tams.ta.utils.JsonUtil,class,2,4,2,2,2,1,0,2,1,0.0,0.0,0.0,2,2,2,0,0,0,2,0,0,0,0,0,0,0,0,0,0,0,0,10,2,0,0,0,0,0,0,2,0,2,0,0,0,0,31,1,0
/home/martin/Documents/uni/Y2Q2/SEM/aaa/sem-repo-13b/./hiring-microservice/src/main/java/nl/tudelft/sem/tams/hiring/security/AuthFilter.java,nl.tudelft.sem.tams.hiring.security.AuthFilter,class,8,10,2,8,7,2,0,13,0,0.25,0.0,0.0,2,0,1,0,1,0,2,0,0,0,2,1,0,2,0,0,2,0,1,28,0,0,1,1,0,4,0,6,0,6,3,0,0,0,49,1,0
/home/martin/Documents/uni/Y2Q2/SEM/aaa/sem-repo-13b/./hiring-microservice/src/main/java/nl/tudelft/sem/tams/hiring/services/communication/models/CreateContractRequestModel.java,nl.tudelft.sem.tams.hiring.services.communication.models.CreateContractRequestModel$CreateContractRequestModelBuilder,innerclass,2,2,0,2,7,1,0,0,11,0.71428573,0.0,0.0,7,0,6,0,0,1,7,0,0,0,5,0,0,5,0,0,0,0,0,32,6,0,0,0,0,0,0,5,0,5,0,0,0,0,21,9,0
/home/martin/Documents/uni/Y2Q2/SEM/aaa/sem-repo-13b/./ta-microservice/src/test/java/nl/tudelft/sem/tams/ta/entities/compositekeys/ContractIdTest.java,nl.tudelft.sem.tams.ta.entities.compositekeys.ContractIdTest,class,3,3,0,3,2,1,0,5,1,0.0,0.0,0.0,2,0,0,0,0,2,2,0,0,0,0,0,0,0,0,0,0,0,3,10,0,0,0,0,0,6,0,2,0,2,0,0,0,0,12,0,0
/home/martin/Documents/uni/Y2Q2/SEM/aaa/sem-repo-13b/./ta-microservice/src/main/java/nl/tudelft/sem/tams/ta/services/communication/ConnectedCourseInformationService.java,nl.tudelft.sem.tams.ta.services.communication.ConnectedCourseInformationService,class,6,7,1,6,8,1,0,5,0,0.16666667,0.0,0.0,3,0,3,0,0,0,3,0,0,0,2,0,0,2,0,0,0,0,1,31,6,0,3,2,0,3,0,3,2,4,1,0,0,0,28,1,0
/home/martin/Documents/uni/Y2Q2/SEM/aaa/sem-repo-13b/./hiring-microservice/src/test/java/nl/tudelft/sem/tams/hiring/integration/HiringControllerTest.java,nl.tudelft.sem.tams.hiring.integration.HiringControllerTest$Anonymous1,anonymous,0,0,0,0,1,1,0,1,0,0.0,NaN,NaN,0,0,0,0,0,0,1,0,0,0,0,0,0,0,0,0,0,0,0,6,0,0,0,0,0,2,2,0,0,0,0,0,0,0,1,-1,0
/home/martin/Documents/uni/Y2Q2/SEM/aaa/sem-repo-13b/./hiring-microservice/src/test/java/nl/tudelft/sem/tams/hiring/integration/HiringControllerTest.java,nl.tudelft.sem.tams.hiring.integration.HiringControllerTest$Anonymous2,anonymous,0,0,0,0,1,1,0,1,0,0.0,NaN,NaN,0,0,0,0,0,0,1,0,0,0,0,0,0,0,0,0,0,0,0,6,0,0,0,0,0,0,0,0,0,0,0,0,0,0,3,-1,0
/home/martin/Documents/uni/Y2Q2/SEM/aaa/sem-repo-13b/./hiring-microservice/src/test/java/nl/tudelft/sem/tams/hiring/integration/HiringControllerTest.java,nl.tudelft.sem.tams.hiring.integration.HiringControllerTest$Anonymous3,anonymous,0,0,0,0,1,1,0,1,0,0.0,NaN,NaN,0,0,0,0,0,0,1,0,0,0,0,0,0,0,0,0,0,0,0,5,0,0,0,0,0,1,1,0,0,0,0,0,0,0,1,-1,0
/home/martin/Documents/uni/Y2Q2/SEM/aaa/sem-repo-13b/./hiring-microservice/src/test/java/nl/tudelft/sem/tams/hiring/integration/HiringControllerTest.java,nl.tudelft.sem.tams.hiring.integration.HiringControllerTest$Anonymous4,anonymous,0,0,0,0,1,1,0,1,0,0.0,NaN,NaN,0,0,0,0,0,0,1,0,0,0,0,0,0,0,0,0,0,0,0,9,0,0,0,0,0,5,5,0,0,0,0,0,0,0,1,-1,0
/home/martin/Documents/uni/Y2Q2/SEM/aaa/sem-repo-13b/./course-microservice/src/test/java/nl/tudelft/sem/tams/course/security/AuthEntryPointTests.java,nl.tudelft.sem.tams.course.security.AuthEntryPointTests,class,6,6,0,6,2,1,0,6,0,0.0,0.0,0.0,2,0,2,0,0,0,2,0,0,0,4,0,0,4,0,0,0,0,0,18,0,0,0,0,0,1,0,4,0,4,0,0,0,0,24,1,0
/home/martin/Documents/uni/Y2Q2/SEM/aaa/sem-repo-13b/./ta-microservice/src/main/java/nl/tudelft/sem/tams/ta/models/RateContractRequestModel.java,nl.tudelft.sem.tams.ta.models.RateContractRequestModel,class,4,6,2,4,0,1,0,0,0,NaN,-1.0,-1.0,0,0,0,0,0,0,0,0,0,0,3,0,0,3,0,0,0,0,0,5,0,0,0,0,0,0,0,0,0,3,0,0,0,0,9,1,0
/home/martin/Documents/uni/Y2Q2/SEM/aaa/sem-repo-13b/./ta-microservice/src/main/java/nl/tudelft/sem/tams/ta/services/HourService.java,nl.tudelft.sem.tams.ta.services.HourService,class,12,15,3,12,20,1,0,37,0,0.5,0.0,0.0,8,0,8,0,0,0,8,0,0,0,2,0,0,2,0,0,2,0,0,75,6,0,4,0,0,10,1,12,2,13,2,0,0,1,143,1,0
/home/martin/Documents/uni/Y2Q2/SEM/aaa/sem-repo-13b/./hiring-microservice/src/main/java/nl/tudelft/sem/tams/hiring/services/communication/ConnectedContractInformationService.java,nl.tudelft.sem.tams.hiring.services.communication.ConnectedContractInformationService,class,5,6,1,5,5,1,0,4,0,0.16666667,0.0,0.0,3,0,3,0,0,0,3,0,0,0,2,0,0,2,0,0,0,0,1,26,4,0,0,2,0,4,0,3,2,4,1,0,0,0,28,1,0
/home/martin/Documents/uni/Y2Q2/SEM/aaa/sem-repo-13b/./course-microservice/src/main/java/nl/tudelft/sem/tams/course/security/AuthFilter.java,nl.tudelft.sem.tams.course.security.AuthFilter,class,8,10,2,8,7,2,0,13,0,0.25,0.0,0.0,2,0,1,0,1,0,2,0,0,0,2,1,0,2,0,0,2,0,1,28,0,0,1,1,0,4,0,6,0,6,3,0,0,0,49,1,0
/home/martin/Documents/uni/Y2Q2/SEM/aaa/sem-repo-13b/./course-microservice/src/main/java/nl/tudelft/sem/tams/course/config/RequestAuthenticationConfig.java,nl.tudelft.sem.tams.course.config.RequestAuthenticationConfig,class,6,6,0,6,2,2,0,11,0,0.0,0.0,0.0,2,0,1,0,1,0,2,0,0,0,2,0,0,2,0,0,2,0,0,12,0,0,0,0,0,0,0,2,0,2,0,0,0,0,19,1,0
/home/martin/Documents/uni/Y2Q2/SEM/aaa/sem-repo-13b/./course-microservice/src/main/java/nl/tudelft/sem/tams/course/models/CourseAddResponsibleLecturerRequestModel.java,nl.tudelft.sem.tams.course.models.CourseAddResponsibleLecturerRequestModel,class,5,7,2,5,0,1,0,0,0,NaN,-1.0,-1.0,0,0,0,0,0,0,0,0,0,0,1,0,0,1,0,0,0,0,0,3,0,0,0,0,0,0,0,0,0,1,0,0,0,0,13,1,0
/home/martin/Documents/uni/Y2Q2/SEM/aaa/sem-repo-13b/./ta-microservice/src/test/java/nl/tudelft/sem/tams/ta/profiles/MockMicroserviceCommunicationHelperProfile.java,nl.tudelft.sem.tams.ta.profiles.MockMicroserviceCommunicationHelperProfile,class,5,5,0,5,1,1,0,1,0,0.0,NaN,NaN,1,0,1,0,0,0,1,0,0,0,0,0,0,0,0,0,0,0,0,5,1,0,0,0,0,1,0,0,0,0,0,0,0,0,18,1,0
/home/martin/Documents/uni/Y2Q2/SEM/aaa/sem-repo-13b/./hiring-microservice/src/main/java/nl/tudelft/sem/tams/hiring/services/communication/models/CourseInformationResponseModel.java,nl.tudelft.sem.tams.hiring.services.communication.models.CourseInformationResponseModel,class,3,9,6,3,0,1,0,0,0,NaN,-1.0,-1.0,0,0,0,0,0,0,0,0,0,0,6,0,0,6,0,0,0,0,0,8,0,0,0,0,0,0,0,0,0,6,0,0,0,0,17,1,0
/home/martin/Documents/uni/Y2Q2/SEM/aaa/sem-repo-13b/./ta-microservice/src/test/java/nl/tudelft/sem/tams/ta/integration/ContractControllerTest.java,nl.tudelft.sem.tams.ta.integration.ContractControllerTest,class,29,30,1,29,42,1,0,88,0,0.7723577,0.0,0.0,41,0,0,3,0,38,38,0,0,0,9,0,0,9,0,0,0,0,33,323,3,1,0,0,0,248,64,106,11,109,1,0,0,0,171,0,0
/home/martin/Documents/uni/Y2Q2/SEM/aaa/sem-repo-13b/./authentication-microservice/src/main/java/nl/tudelft/sem/tams/authentication/models/RegistrationRequestModel.java,nl.tudelft.sem.tams.authentication.models.RegistrationRequestModel,class,1,3,2,1,0,1,0,0,0,NaN,-1.0,-1.0,0,0,0,0,0,0,0,0,0,0,2,0,0,2,0,0,0,0,0,4,0,0,0,0,0,0,0,0,0,2,0,0,0,0,5,1,0
/home/martin/Documents/uni/Y2Q2/SEM/aaa/sem-repo-13b/./ta-microservice/src/main/java/nl/tudelft/sem/tams/ta/models/AcceptHoursRequestModel.java,nl.tudelft.sem.tams.ta.models.AcceptHoursRequestModel,class,4,7,3,4,0,1,0,0,0,NaN,-1.0,-1.0,0,0,0,0,0,0,0,0,0,0,2,0,0,2,0,0,0,0,0,4,0,0,0,0,0,0,0,0,0,2,0,0,0,0,11,1,0
/home/martin/Documents/uni/Y2Q2/SEM/aaa/sem-repo-13b/./hiring-microservice/src/test/java/nl/tudelft/sem/tams/hiring/models/PendingTeachingAssistantApplicationResponseModelTest.java,nl.tudelft.sem.tams.hiring.models.PendingTeachingAssistantApplicationResponseModelTest,class,3,3,0,3,3,1,0,3,3,0.0,0.0,0.0,3,0,3,0,0,0,3,0,0,0,0,0,0,0,0,0,0,0,0,32,0,0,0,0,0,12,24,13,0,13,0,0,0,0,36,1,0
/home/martin/Documents/uni/Y2Q2/SEM/aaa/sem-repo-13b/./ta-microservice/src/main/java/nl/tudelft/sem/tams/ta/security/TokenVerifier.java,nl.tudelft.sem.tams.ta.security.TokenVerifier,class,4,11,7,4,3,1,0,8,3,0.6666667,0.0,0.0,3,0,2,1,0,0,2,0,0,0,1,0,0,1,0,0,0,0,0,13,3,0,0,0,0,1,0,1,0,2,0,0,0,0,13,1,0
/home/martin/Documents/uni/Y2Q2/SEM/aaa/sem-repo-13b/./ta-microservice/src/main/java/nl/tudelft/sem/tams/ta/models/HourResponseModel.java,nl.tudelft.sem.tams.ta.models.HourResponseModel,class,7,11,4,7,1,1,0,7,0,1.0,NaN,NaN,1,1,1,0,0,0,1,0,0,0,6,0,0,6,0,0,0,0,0,11,1,0,0,0,0,0,0,0,0,6,0,0,0,0,27,1,0
/home/martin/Documents/uni/Y2Q2/SEM/aaa/sem-repo-13b/./hiring-microservice/src/test/java/nl/tudelft/sem/tams/hiring/profiles/MockContractInformationProfile.java,nl.tudelft.sem.tams.hiring.profiles.MockContractInformationProfile,class,5,5,0,5,1,1,0,1,0,0.0,NaN,NaN,1,0,1,0,0,0,1,0,0,0,0,0,0,0,0,0,0,0,0,5,1,0,0,0,0,1,0,0,0,0,0,0,0,0,17,1,0
/home/martin/Documents/uni/Y2Q2/SEM/aaa/sem-repo-13b/./hiring-microservice/src/main/java/nl/tudelft/sem/tams/hiring/models/TeachingAssistantApplicationAcceptRequestModel.java,nl.tudelft.sem.tams.hiring.models.TeachingAssistantApplicationAcceptRequestModel$ApplicationAcceptRequestModelBuilder,innerclass,2,2,0,2,6,1,0,0,7,0.6666667,0.0,0.0,6,0,5,0,0,1,6,0,0,0,4,0,0,4,0,0,0,0,0,27,5,0,0,0,0,0,0,4,0,4,0,0,0,0,19,9,0
/home/martin/Documents/uni/Y2Q2/SEM/aaa/sem-repo-13b/./hiring-microservice/src/test/java/nl/tudelft/sem/tams/hiring/profiles/MockAuthenticationManagerProfile.java,nl.tudelft.sem.tams.hiring.profiles.MockAuthenticationManagerProfile,class,5,5,0,5,1,1,0,1,0,0.0,NaN,NaN,1,0,1,0,0,0,1,0,0,0,0,0,0,0,0,0,0,0,0,5,1,0,0,0,0,1,0,0,0,0,0,0,0,0,18,1,0
/home/martin/Documents/uni/Y2Q2/SEM/aaa/sem-repo-13b/./ta-microservice/src/main/java/nl/tudelft/sem/tams/ta/Application.java,nl.tudelft.sem.tams.ta.Application,class,2,3,1,2,1,1,0,1,0,0.0,NaN,NaN,1,1,1,0,0,0,1,0,0,0,0,0,0,0,0,0,0,0,0,5,0,0,0,0,0,0,0,0,0,0,0,0,0,0,3,1,0
/home/martin/Documents/uni/Y2Q2/SEM/aaa/sem-repo-13b/./ta-microservice/src/test/java/nl/tudelft/sem/tams/ta/entities/builders/HourDeclarationBuilderTest.java,nl.tudelft.sem.tams.ta.entities.builders.HourDeclarationBuilderTest,class,5,5,0,5,8,1,0,27,0,0.375,0.0,0.0,8,0,8,0,0,0,8,0,0,0,2,1,0,2,0,0,1,0,3,98,0,0,0,0,0,8,11,23,0,16,0,0,0,0,34,1,0
/home/martin/Documents/uni/Y2Q2/SEM/aaa/sem-repo-13b/./ta-microservice/src/main/java/nl/tudelft/sem/tams/ta/entities/builders/directors/ContractDirector.java,nl.tudelft.sem.tams.ta.entities.builders.directors.ContractDirector,class,1,3,2,1,1,1,0,3,0,0.0,NaN,NaN,1,0,1,0,0,0,1,0,0,0,0,0,0,0,0,0,0,0,0,7,0,0,0,0,0,0,2,0,0,0,0,0,0,0,14,1,0
/home/martin/Documents/uni/Y2Q2/SEM/aaa/sem-repo-13b/./course-microservice/src/test/java/nl/tudelft/sem/tams/course/integration/CourseTests.java,nl.tudelft.sem.tams.course.integration.CourseTests,class,22,23,1,22,23,1,0,46,0,0.2766798,0.0,0.0,23,0,20,0,0,3,23,0,0,0,11,0,0,4,0,7,6,0,20,217,0,0,0,0,0,97,9,80,3,84,0,0,0,0,115,1,0
/home/martin/Documents/uni/Y2Q2/SEM/aaa/sem-repo-13b/./authentication-microservice/src/test/java/nl/tudelft/sem/tams/authentication/profiles/MockAuthenticationManagerProfile.java,nl.tudelft.sem.tams.authentication.profiles.MockAuthenticationManagerProfile,class,5,5,0,5,1,1,0,1,0,0.0,NaN,NaN,1,0,1,0,0,0,1,0,0,0,0,0,0,0,0,0,0,0,0,5,1,0,0,0,0,1,0,0,0,0,0,0,0,0,17,1,0
/home/martin/Documents/uni/Y2Q2/SEM/aaa/sem-repo-13b/./hiring-microservice/src/test/java/nl/tudelft/sem/tams/hiring/security/TokenVerifierTests.java,nl.tudelft.sem.tams.hiring.security.TokenVerifierTests,class,8,9,1,8,8,1,0,22,0,0.25,0.0,0.0,8,0,6,2,0,0,6,0,0,0,2,0,0,2,0,0,1,0,2,43,1,0,0,0,0,8,8,15,2,15,0,0,0,3,38,1,0
/home/martin/Documents/uni/Y2Q2/SEM/aaa/sem-repo-13b/./authentication-microservice/src/main/java/nl/tudelft/sem/tams/authentication/models/LoginResponseModel.java,nl.tudelft.sem.tams.authentication.models.LoginResponseModel,class,3,5,2,3,0,1,0,0,0,NaN,-1.0,-1.0,0,0,0,0,0,0,0,0,0,0,1,0,0,1,0,0,0,0,0,3,0,0,0,0,0,0,0,0,0,1,0,0,0,0,4,1,0
/home/martin/Documents/uni/Y2Q2/SEM/aaa/sem-repo-13b/./authentication-microservice/src/test/java/nl/tudelft/sem/tams/authentication/integration/utils/JsonUtil.java,nl.tudelft.sem.tams.authentication.integration.utils.JsonUtil,class,2,3,1,2,2,1,0,2,1,0.0,0.0,0.0,2,2,2,0,0,0,2,0,0,0,0,0,0,0,0,0,0,0,0,10,2,0,0,0,0,0,0,2,0,2,0,0,0,0,31,1,0
/home/martin/Documents/uni/Y2Q2/SEM/aaa/sem-repo-13b/./ta-microservice/src/main/java/nl/tudelft/sem/tams/ta/entities/HourDeclaration.java,nl.tudelft.sem.tams.ta.entities.HourDeclaration,class,10,22,12,10,0,1,0,0,0,NaN,-1.0,-1.0,0,0,0,0,0,0,0,0,0,0,7,0,0,7,0,0,0,0,0,9,0,0,0,0,0,1,0,0,0,7,0,0,0,0,23,1,0
/home/martin/Documents/uni/Y2Q2/SEM/aaa/sem-repo-13b/./ta-microservice/src/main/java/nl/tudelft/sem/tams/ta/config/RequestAuthenticationConfig.java,nl.tudelft.sem.tams.ta.config.RequestAuthenticationConfig,class,6,6,0,6,2,2,0,11,0,0.0,0.0,0.0,2,0,1,0,1,0,2,0,0,0,2,0,0,2,0,0,2,0,0,12,0,0,0,0,0,0,0,2,0,2,0,0,0,0,19,1,0
/home/martin/Documents/uni/Y2Q2/SEM/aaa/sem-repo-13b/./course-microservice/src/main/java/nl/tudelft/sem/tams/course/security/TokenVerifier.java,nl.tudelft.sem.tams.course.security.TokenVerifier,class,4,10,6,4,3,1,0,8,3,0.6666667,0.0,0.0,3,0,2,1,0,0,2,0,0,0,1,0,0,1,0,0,0,0,0,13,3,0,0,0,0,1,0,1,0,2,0,0,0,0,13,1,0
/home/martin/Documents/uni/Y2Q2/SEM/aaa/sem-repo-13b/./hiring-microservice/src/main/java/nl/tudelft/sem/tams/hiring/providers/implementations/CurrentTimeProvider.java,nl.tudelft.sem.tams.hiring.providers.implementations.CurrentTimeProvider,class,2,2,0,2,1,1,0,1,0,0.0,NaN,NaN,1,0,1,0,0,0,1,0,0,0,0,0,0,0,0,0,0,0,1,5,1,0,0,0,0,0,0,0,0,0,0,0,0,0,30,1,0
/home/martin/Documents/uni/Y2Q2/SEM/aaa/sem-repo-13b/./hiring-microservice/src/main/java/nl/tudelft/sem/tams/hiring/interfaces/CourseInformation.java,nl.tudelft.sem.tams.hiring.interfaces.CourseInformation,interface,1,7,6,1,3,1,0,0,3,0.0,0.0,0.0,3,0,0,0,0,3,3,0,0,0,0,0,0,0,0,0,0,0,0,5,0,0,0,0,0,0,0,0,0,0,0,0,0,0,16,1,0
/home/martin/Documents/uni/Y2Q2/SEM/aaa/sem-repo-13b/./hiring-microservice/src/test/java/nl/tudelft/sem/tams/hiring/entities/TeachingAssistantApplicationTest.java,nl.tudelft.sem.tams.hiring.entities.TeachingAssistantApplicationTest,class,3,3,0,3,8,1,0,15,0,0.0,0.0,0.0,8,0,8,0,0,0,8,0,0,0,1,1,0,1,0,0,0,0,10,82,0,0,0,0,0,4,7,50,0,50,0,0,0,0,45,1,0
/home/martin/Documents/uni/Y2Q2/SEM/aaa/sem-repo-13b/./hiring-microservice/src/test/java/nl/tudelft/sem/tams/hiring/security/AuthManagerTests.java,nl.tudelft.sem.tams.hiring.security.AuthManagerTests,class,4,4,0,4,2,1,0,6,0,0.0,0.0,0.0,2,0,2,0,0,0,2,0,0,0,1,0,0,1,0,0,0,0,1,13,0,0,0,0,0,1,0,4,0,4,0,0,0,0,18,1,0
/home/martin/Documents/uni/Y2Q2/SEM/aaa/sem-repo-13b/./ta-microservice/src/test/java/nl/tudelft/sem/tams/ta/security/AuthFilterTests.java,nl.tudelft.sem.tams.ta.security.AuthFilterTests,class,13,13,0,13,9,1,0,20,0,0.17777778,0.0,0.0,9,1,8,1,0,0,8,0,0,0,5,0,0,5,0,0,0,0,1,72,1,0,0,0,0,21,0,15,4,15,0,0,0,0,48,1,0
/home/martin/Documents/uni/Y2Q2/SEM/aaa/sem-repo-13b/./authentication-microservice/src/main/java/nl/tudelft/sem/tams/authentication/repositories/UserRepository.java,nl.tudelft.sem.tams.authentication.repositories.UserRepository,interface,2,5,3,2,0,1,0,0,0,0.0,-1.0,-1.0,0,0,0,0,0,0,0,0,0,0,0,0,0,0,0,0,0,0,0,2,0,0,0,0,0,0,0,0,0,0,0,0,0,0,2,1,0
/home/martin/Documents/uni/Y2Q2/SEM/aaa/sem-repo-13b/./authentication-microservice/src/main/java/nl/tudelft/sem/tams/authentication/controllers/UsersController.java,nl.tudelft.sem.tams.authentication.controllers.UsersController,class,13,13,0,13,4,1,0,9,0,0.22222222,0.0,0.0,3,0,3,0,0,0,3,0,0,0,3,0,0,3,0,0,3,0,0,25,2,0,0,1,0,2,0,5,0,5,1,0,0,0,56,1,0
/home/martin/Documents/uni/Y2Q2/SEM/aaa/sem-repo-13b/./ta-microservice/src/main/java/nl/tudelft/sem/tams/ta/entities/builders/interfaces/HourDeclarationBuilder.java,nl.tudelft.sem.tams.ta.entities.builders.interfaces.HourDeclarationBuilder,interface,3,8,5,3,8,1,0,0,28,0.0,0.0,0.0,8,0,8,0,0,0,8,0,0,0,0,0,0,0,0,0,0,0,0,10,0,0,0,0,0,0,0,0,0,0,0,0,0,0,26,1,0
/home/martin/Documents/uni/Y2Q2/SEM/aaa/sem-repo-13b/./hiring-microservice/src/test/java/nl/tudelft/sem/tams/hiring/integration/HiringControllerTest.java,nl.tudelft.sem.tams.hiring.integration.HiringControllerTest,class,31,32,1,31,36,1,0,73,0,0.6060606,0.0,0.0,33,0,26,1,0,6,32,0,0,0,10,2,0,10,0,0,2,0,37,379,1,1,2,0,2,276,72,142,5,152,1,4,0,2,187,1,0
/home/martin/Documents/uni/Y2Q2/SEM/aaa/sem-repo-13b/./course-microservice/src/test/java/nl/tudelft/sem/tams/course/profiles/MockAuthenticationManagerProfile.java,nl.tudelft.sem.tams.course.profiles.MockAuthenticationManagerProfile,class,5,5,0,5,1,1,0,1,0,0.0,NaN,NaN,1,0,1,0,0,0,1,0,0,0,0,0,0,0,0,0,0,0,0,5,1,0,0,0,0,1,0,0,0,0,0,0,0,0,18,1,0
/home/martin/Documents/uni/Y2Q2/SEM/aaa/sem-repo-13b/./authentication-microservice/src/main/java/nl/tudelft/sem/tams/authentication/config/H2Config.java,nl.tudelft.sem.tams.authentication.config.H2Config,class,8,8,0,8,2,1,0,5,0,0.0,0.0,0.0,2,0,2,0,0,0,2,0,0,0,1,0,0,1,0,0,1,0,0,14,1,0,0,0,0,6,0,2,0,2,0,0,0,0,15,1,0
/home/martin/Documents/uni/Y2Q2/SEM/aaa/sem-repo-13b/./ta-microservice/src/main/java/nl/tudelft/sem/tams/ta/controllers/HourController.java,nl.tudelft.sem.tams.ta.controllers.HourController,class,18,19,1,18,13,1,0,20,0,0.5238095,0.0,0.0,7,0,5,2,0,0,5,0,0,0,3,0,0,3,0,0,3,0,2,57,5,0,0,2,0,5,0,8,0,9,1,0,0,1,127,1,0
/home/martin/Documents/uni/Y2Q2/SEM/aaa/sem-repo-13b/./authentication-microservice/src/main/java/nl/tudelft/sem/tams/authentication/Application.java,nl.tudelft.sem.tams.authentication.Application,class,2,3,1,2,1,1,0,1,0,0.0,NaN,NaN,1,1,1,0,0,0,1,0,0,0,0,0,0,0,0,0,0,0,0,5,0,0,0,0,0,0,0,0,0,0,0,0,0,0,3,1,0
/home/martin/Documents/uni/Y2Q2/SEM/aaa/sem-repo-13b/./ta-microservice/src/main/java/nl/tudelft/sem/tams/ta/interfaces/CourseInformation.java,nl.tudelft.sem.tams.ta.interfaces.CourseInformation,interface,1,9,8,1,2,1,0,0,1,0.0,0.0,0.0,2,0,0,0,0,2,2,0,0,0,0,0,0,0,0,0,0,0,0,4,0,0,0,0,0,0,0,0,0,0,0,0,0,0,12,1,0
/home/martin/Documents/uni/Y2Q2/SEM/aaa/sem-repo-13b/./hiring-microservice/src/main/java/nl/tudelft/sem/tams/hiring/providers/TimeProvider.java,nl.tudelft.sem.tams.hiring.providers.TimeProvider,interface,0,5,5,0,1,1,0,0,0,0.0,NaN,NaN,1,0,0,0,0,1,1,0,0,0,0,0,0,0,0,0,0,0,0,3,0,0,0,0,0,0,0,0,0,0,0,0,0,0,30,1,0
/home/martin/Documents/uni/Y2Q2/SEM/aaa/sem-repo-13b/./course-microservice/src/main/java/nl/tudelft/sem/tams/course/controllers/CourseController.java,nl.tudelft.sem.tams.course.controllers.CourseController,class,15,15,0,15,14,1,0,19,0,0.25,0.0,0.0,8,0,8,0,0,0,8,0,0,0,3,0,0,3,0,0,3,0,3,74,8,0,0,6,0,9,0,7,0,7,1,0,0,0,131,1,0
/home/martin/Documents/uni/Y2Q2/SEM/aaa/sem-repo-13b/./ta-microservice/src/test/java/nl/tudelft/sem/tams/ta/services/HourServiceTest.java,nl.tudelft.sem.tams.ta.services.HourServiceTest,class,18,19,1,18,35,1,0,76,0,0.6401515,0.0,0.0,33,0,0,0,0,33,33,0,0,0,8,1,0,8,0,0,1,0,3,246,0,2,0,0,0,19,56,67,3,63,1,0,0,13,116,0,0
/home/martin/Documents/uni/Y2Q2/SEM/aaa/sem-repo-13b/./ta-microservice/src/test/java/nl/tudelft/sem/tams/ta/security/AuthEntryPointTests.java,nl.tudelft.sem.tams.ta.security.AuthEntryPointTests,class,6,6,0,6,2,1,0,6,0,0.0,0.0,0.0,2,0,2,0,0,0,2,0,0,0,4,0,0,4,0,0,0,0,0,18,0,0,0,0,0,1,0,4,0,4,0,0,0,0,24,1,0
/home/martin/Documents/uni/Y2Q2/SEM/aaa/sem-repo-13b/./hiring-microservice/src/main/java/nl/tudelft/sem/tams/hiring/models/RetrieveTeachingAssistantApplicationStatusModel.java,nl.tudelft.sem.tams.hiring.models.RetrieveTeachingAssistantApplicationStatusModel,class,6,8,2,6,1,1,0,5,0,1.0,NaN,NaN,1,1,1,0,0,0,1,0,0,0,5,0,0,5,0,0,0,0,0,10,1,0,0,0,0,0,0,0,0,5,0,0,0,0,26,1,0
